ID,Title,Link/Path,Thumbnail Images,Tag 1,Tag 2
VID001,Introduction to Mathematics,misc/math_intro.mp4,thumbnails/AllAboutMyFamily_grade1_Lesson1_M1_ChildRunning.png,Education,Mathematics
VID002,Science Experiments,misc/science_exp.mp4,thumbnails/AllAboutMyFamily_Prek_Lesson1_M1_Emotions.png,Science,Physics
VID003,History Lesson 1,misc/history_lesson1.mp4,thumbnails/AllAboutMyFamily_Lesson1_M1_Emotions.webp,History,World War
VID004,English Grammar Basics,misc/grammar.mp4,thumbnails/AllAboutMyFamily2_Prek2_Lesson3_M3_Emotions.png,Education,Language
VID005,Art and Design,misc/art_design.mp4,thumbnails/AllAboutMyFamily_grade1_Lesson1_M1_ChildRunning.png,Arts,Design
VID006,Programming Tutorial,misc/programming.mp4,,Technology,Programming
VID007,Music Theory,misc/music_theory.mp4,thumbnails/AllAboutMyFamily_Prek_Lesson1_M1_Emotions.png,Music,Theory
VID008,Geography Basics,misc/geography.mp4,thumbnails/AllAboutMyFamily_Lesson1_M1_Emotions.webp,Geography,World
VID009,Chemistry Lab,misc/chemistry_lab.mp4,thumbnails/AllAboutMyFamily2_Prek2_Lesson3_M3_Emotions.png,Science,Chemistry
VID010,Literature Analysis,misc/literature.mp4,,Education,Literature
